INTID,hour,total_volume,los_score,LOS
1,2025-11-16 00:00:00,125.0,1,A
1,2025-11-16 01:00:00,69.0,1,A
1,2025-11-16 02:00:00,41.0,1,A
1,2025-11-16 03:00:00,30.0,1,A
1,2025-11-16 04:00:00,50.0,1,A
1,2025-11-16 05:00:00,149.0,1,A
1,2025-11-16 06:00:00,243.0,1,A
1,2025-11-16 07:00:00,504.0,1,A
1,2025-11-16 08:00:00,911.0,1,A
1,2025-11-16 09:00:00,1100.0,1,A
1,2025-11-16 10:00:00,1034.0,1,A
1,2025-11-16 11:00:00,1208.0,1,A
1,2025-11-16 12:00:00,1273.0,1,A
1,2025-11-16 13:00:00,1179.0,1,A
1,2025-11-16 14:00:00,1127.0,1,A
1,2025-11-16 15:00:00,1139.0,1,A
1,2025-11-16 16:00:00,1300.0,1,A
1,2025-11-16 17:00:00,1336.0,1,A
1,2025-11-16 18:00:00,654.0,1,A
1,2025-11-16 19:00:00,565.0,1,A
1,2025-11-16 20:00:00,405.0,1,A
1,2025-11-16 21:00:00,245.0,1,A
1,2025-11-16 22:00:00,164.0,1,A
1,2025-11-16 23:00:00,82.0,1,A
1,2025-11-17 00:00:00,66.0,1,A
1,2025-11-17 01:00:00,15.0,1,A
1,2025-11-17 02:00:00,9.0,1,A
1,2025-11-17 03:00:00,29.0,1,A
1,2025-11-17 04:00:00,95.0,1,A
1,2025-11-17 05:00:00,355.0,1,A
1,2025-11-17 06:00:00,765.0,1,A
1,2025-11-17 07:00:00,1805.0,1,A
1,2025-11-17 08:00:00,1699.0,1,A
1,2025-11-17 09:00:00,1253.0,1,A
1,2025-11-17 10:00:00,1276.0,1,A
1,2025-11-17 11:00:00,1412.0,1,A
1,2025-11-17 12:00:00,1477.0,1,A
1,2025-11-17 13:00:00,1492.0,1,A
1,2025-11-17 14:00:00,1683.0,1,A
1,2025-11-17 15:00:00,1830.0,1,A
1,2025-11-17 16:00:00,1915.0,1,A
1,2025-11-17 17:00:00,1604.0,1,A
1,2025-11-17 18:00:00,797.0,1,A
1,2025-11-17 19:00:00,581.0,1,A
1,2025-11-17 20:00:00,489.0,1,A
1,2025-11-17 21:00:00,313.0,1,A
1,2025-11-17 22:00:00,167.0,1,A
1,2025-11-17 23:00:00,71.0,1,A
1,2025-11-18 00:00:00,42.0,1,A
1,2025-11-18 01:00:00,39.0,1,A
1,2025-11-18 02:00:00,22.0,1,A
1,2025-11-18 03:00:00,31.0,1,A
1,2025-11-18 04:00:00,105.0,1,A
1,2025-11-18 05:00:00,405.0,1,A
1,2025-11-18 06:00:00,877.0,1,A
1,2025-11-18 07:00:00,1955.0,1,A
1,2025-11-18 08:00:00,1956.0,1,A
1,2025-11-18 09:00:00,1770.0,1,A
1,2025-11-18 10:00:00,1660.0,1,A
1,2025-11-18 11:00:00,1663.0,1,A
1,2025-11-18 12:00:00,1941.0,1,A
1,2025-11-18 13:00:00,1785.0,1,A
1,2025-11-18 14:00:00,1586.0,1,A
1,2025-11-18 15:00:00,1513.0,1,A
1,2025-11-18 16:00:00,1908.0,1,A
1,2025-11-18 17:00:00,1741.0,1,A
1,2025-11-18 18:00:00,879.0,1,A
1,2025-11-18 19:00:00,651.0,1,A
1,2025-11-18 20:00:00,579.0,1,A
1,2025-11-18 21:00:00,361.0,1,A
1,2025-11-18 22:00:00,185.0,1,A
1,2025-11-18 23:00:00,82.0,1,A
1,2025-11-19 00:00:00,25.0,1,A
1,2025-11-19 01:00:00,36.0,1,A
1,2025-11-19 02:00:00,26.0,1,A
1,2025-11-19 03:00:00,33.0,1,A
1,2025-11-19 04:00:00,94.0,1,A
1,2025-11-19 05:00:00,357.0,1,A
1,2025-11-19 06:00:00,821.0,1,A
1,2025-11-19 07:00:00,1862.0,1,A
1,2025-11-19 08:00:00,1861.0,1,A
1,2025-11-19 09:00:00,1745.0,1,A
1,2025-11-19 10:00:00,1421.0,1,A
1,2025-11-19 11:00:00,1368.0,1,A
1,2025-11-19 12:00:00,1512.0,1,A
1,2025-11-19 13:00:00,1560.0,1,A
1,2025-11-19 14:00:00,1621.0,1,A
1,2025-11-19 15:00:00,1852.0,1,A
1,2025-11-19 16:00:00,2052.0,1,A
1,2025-11-19 17:00:00,1777.0,1,A
1,2025-11-19 18:00:00,876.0,1,A
1,2025-11-19 19:00:00,710.0,1,A
1,2025-11-19 20:00:00,619.0,1,A
1,2025-11-19 21:00:00,440.0,1,A
1,2025-11-19 22:00:00,270.0,1,A
1,2025-11-19 23:00:00,88.0,1,A
1,2025-11-20 00:00:00,50.0,1,A
1,2025-11-20 01:00:00,62.0,1,A
1,2025-11-20 02:00:00,31.0,1,A
1,2025-11-20 03:00:00,39.0,1,A
1,2025-11-20 04:00:00,112.0,1,A
1,2025-11-20 05:00:00,405.0,1,A
1,2025-11-20 06:00:00,999.0,1,A
1,2025-11-20 07:00:00,1483.0,1,A
1,2025-11-20 08:00:00,1652.0,1,A
1,2025-11-20 09:00:00,1440.0,1,A
1,2025-11-20 10:00:00,1337.0,1,A
1,2025-11-20 11:00:00,1347.0,1,A
1,2025-11-20 12:00:00,1630.0,1,A
1,2025-11-20 13:00:00,1705.0,1,A
1,2025-11-20 14:00:00,1525.0,1,A
1,2025-11-20 15:00:00,1926.0,1,A
1,2025-11-20 16:00:00,1925.0,1,A
1,2025-11-20 17:00:00,1776.0,1,A
1,2025-11-20 18:00:00,1540.0,1,A
1,2025-11-20 19:00:00,1209.0,1,A
1,2025-11-20 20:00:00,791.0,1,A
1,2025-11-20 21:00:00,608.0,1,A
1,2025-11-20 22:00:00,412.0,1,A
1,2025-11-20 23:00:00,213.0,1,A
1,2025-11-21 00:00:00,137.0,1,A
1,2025-11-21 01:00:00,139.0,1,A
1,2025-11-21 02:00:00,117.0,1,A
1,2025-11-21 03:00:00,111.0,1,A
1,2025-11-21 04:00:00,219.0,1,A
1,2025-11-21 05:00:00,621.0,1,A
1,2025-11-21 06:00:00,1044.0,1,A
1,2025-11-21 07:00:00,1578.0,1,A
1,2025-11-21 08:00:00,1467.0,1,A
1,2025-11-21 09:00:00,1288.0,1,A
1,2025-11-21 10:00:00,1315.0,1,A
1,2025-11-21 11:00:00,1433.0,1,A
1,2025-11-21 12:00:00,1445.0,1,A
1,2025-11-21 13:00:00,1484.0,1,A
1,2025-11-21 14:00:00,1754.0,1,A
1,2025-11-21 15:00:00,1869.0,1,A
1,2025-11-21 16:00:00,1864.0,1,A
1,2025-11-21 17:00:00,1579.0,1,A
1,2025-11-21 18:00:00,875.0,1,A
1,2025-11-21 19:00:00,770.0,1,A
1,2025-11-21 20:00:00,650.0,1,A
1,2025-11-21 21:00:00,529.0,1,A
1,2025-11-21 22:00:00,364.0,1,A
1,2025-11-21 23:00:00,193.0,1,A
1,2025-11-22 00:00:00,90.0,1,A
1,2025-11-22 01:00:00,69.0,1,A
1,2025-11-22 02:00:00,54.0,1,A
1,2025-11-22 03:00:00,29.0,1,A
1,2025-11-22 04:00:00,73.0,1,A
1,2025-11-22 05:00:00,193.0,1,A
1,2025-11-22 06:00:00,414.0,1,A
1,2025-11-22 07:00:00,601.0,1,A
1,2025-11-22 08:00:00,855.0,1,A
1,2025-11-22 09:00:00,1290.0,1,A
1,2025-11-22 10:00:00,1573.0,1,A
1,2025-11-22 11:00:00,1582.0,1,A
1,2025-11-22 12:00:00,1805.0,1,A
1,2025-11-22 13:00:00,1727.0,1,A
1,2025-11-22 14:00:00,1613.0,1,A
1,2025-11-22 15:00:00,1534.0,1,A
1,2025-11-22 16:00:00,1560.0,1,A
1,2025-11-22 17:00:00,1427.0,1,A
1,2025-11-22 18:00:00,965.0,1,A
1,2025-11-22 19:00:00,761.0,1,A
1,2025-11-22 20:00:00,651.0,1,A
1,2025-11-22 21:00:00,444.0,1,A
1,2025-11-22 22:00:00,316.0,1,A
1,2025-11-22 23:00:00,226.0,1,A
2,2025-11-16 00:00:00,412.0,1,A
2,2025-11-16 01:00:00,232.0,1,A
2,2025-11-16 02:00:00,194.0,1,A
2,2025-11-16 03:00:00,230.0,1,A
2,2025-11-16 04:00:00,371.0,1,A
2,2025-11-16 05:00:00,346.0,1,A
2,2025-11-16 06:00:00,487.0,1,A
2,2025-11-16 07:00:00,899.0,1,A
2,2025-11-16 08:00:00,1595.0,1,A
2,2025-11-16 09:00:00,2333.0,1,A
2,2025-11-16 10:00:00,2673.0,2,B
2,2025-11-16 11:00:00,3021.0,2,B
2,2025-11-16 12:00:00,3527.0,2,B
2,2025-11-16 13:00:00,3094.0,2,B
2,2025-11-16 14:00:00,3075.0,2,B
2,2025-11-16 15:00:00,2996.0,2,B
2,2025-11-16 16:00:00,3081.0,2,B
2,2025-11-16 17:00:00,2703.0,2,B
2,2025-11-16 18:00:00,2273.0,1,A
2,2025-11-16 19:00:00,1719.0,1,A
2,2025-11-16 20:00:00,1416.0,1,A
2,2025-11-16 21:00:00,941.0,1,A
2,2025-11-16 22:00:00,599.0,1,A
2,2025-11-16 23:00:00,344.0,1,A
2,2025-11-17 00:00:00,226.0,1,A
2,2025-11-17 01:00:00,84.0,1,A
2,2025-11-17 02:00:00,84.0,1,A
2,2025-11-17 03:00:00,188.0,1,A
2,2025-11-17 04:00:00,572.0,1,A
2,2025-11-17 05:00:00,867.0,1,A
2,2025-11-17 06:00:00,1852.0,1,A
2,2025-11-17 07:00:00,3671.0,3,C
2,2025-11-17 08:00:00,3649.0,3,C
2,2025-11-17 09:00:00,2975.0,2,B
2,2025-11-17 10:00:00,2844.0,2,B
2,2025-11-17 11:00:00,3144.0,2,B
2,2025-11-17 12:00:00,3430.0,2,B
2,2025-11-17 13:00:00,3074.0,2,B
2,2025-11-17 14:00:00,3519.0,2,B
2,2025-11-17 15:00:00,4054.0,3,C
2,2025-11-17 16:00:00,4021.0,3,C
2,2025-11-17 17:00:00,3796.0,2,B
2,2025-11-17 18:00:00,2931.0,2,B
2,2025-11-17 19:00:00,2035.0,1,A
2,2025-11-17 20:00:00,1641.0,1,A
2,2025-11-17 21:00:00,974.0,1,A
2,2025-11-17 22:00:00,600.0,1,A
2,2025-11-17 23:00:00,356.0,1,A
2,2025-11-18 00:00:00,169.0,1,A
2,2025-11-18 01:00:00,113.0,1,A
2,2025-11-18 02:00:00,119.0,1,A
2,2025-11-18 03:00:00,217.0,1,A
2,2025-11-18 04:00:00,598.0,1,A
2,2025-11-18 05:00:00,929.0,1,A
2,2025-11-18 06:00:00,2018.0,2,B
2,2025-11-18 07:00:00,3854.0,3,C
2,2025-11-18 08:00:00,3724.0,3,C
2,2025-11-18 09:00:00,3060.0,2,B
2,2025-11-18 10:00:00,2908.0,2,B
2,2025-11-18 11:00:00,3277.0,2,B
2,2025-11-18 12:00:00,3372.0,2,B
2,2025-11-18 13:00:00,3227.0,2,B
2,2025-11-18 14:00:00,3701.0,2,B
2,2025-11-18 15:00:00,4219.0,3,C
2,2025-11-18 16:00:00,3904.0,2,B
2,2025-11-18 17:00:00,3551.0,2,B
2,2025-11-18 18:00:00,3064.0,2,B
2,2025-11-18 19:00:00,2108.0,1,A
2,2025-11-18 20:00:00,1584.0,1,A
2,2025-11-18 21:00:00,1106.0,1,A
2,2025-11-18 22:00:00,681.0,1,A
2,2025-11-18 23:00:00,396.0,1,A
2,2025-11-19 00:00:00,170.0,1,A
2,2025-11-19 01:00:00,164.0,1,A
2,2025-11-19 02:00:00,172.0,1,A
2,2025-11-19 03:00:00,197.0,1,A
2,2025-11-19 04:00:00,491.0,1,A
2,2025-11-19 05:00:00,844.0,1,A
2,2025-11-19 06:00:00,1923.0,1,A
2,2025-11-19 07:00:00,3788.0,3,C
2,2025-11-19 08:00:00,3687.0,2,B
2,2025-11-19 09:00:00,3218.0,2,B
2,2025-11-19 10:00:00,3031.0,2,B
2,2025-11-19 11:00:00,3240.0,2,B
2,2025-11-19 12:00:00,3471.0,2,B
2,2025-11-19 13:00:00,3283.0,2,B
2,2025-11-19 14:00:00,3680.0,3,C
2,2025-11-19 15:00:00,4263.0,3,C
2,2025-11-19 16:00:00,4365.0,3,C
2,2025-11-19 17:00:00,4202.0,3,C
2,2025-11-19 18:00:00,3737.0,2,B
2,2025-11-19 19:00:00,2648.0,2,B
2,2025-11-19 20:00:00,2203.0,1,A
2,2025-11-19 21:00:00,1410.0,1,A
2,2025-11-19 22:00:00,844.0,1,A
2,2025-11-19 23:00:00,417.0,1,A
2,2025-11-20 00:00:00,226.0,1,A
2,2025-11-20 01:00:00,230.0,1,A
2,2025-11-20 02:00:00,176.0,1,A
2,2025-11-20 03:00:00,261.0,1,A
2,2025-11-20 04:00:00,615.0,1,A
2,2025-11-20 05:00:00,955.0,1,A
2,2025-11-20 06:00:00,2075.0,1,A
2,2025-11-20 07:00:00,2509.0,2,B
2,2025-11-20 08:00:00,3089.0,2,B
2,2025-11-20 09:00:00,2804.0,2,B
2,2025-11-20 10:00:00,2763.0,2,B
2,2025-11-20 11:00:00,3017.0,2,B
2,2025-11-20 12:00:00,3182.0,2,B
2,2025-11-20 13:00:00,2918.0,2,B
2,2025-11-20 14:00:00,3434.0,2,B
2,2025-11-20 15:00:00,3905.0,3,C
2,2025-11-20 16:00:00,3211.0,2,B
2,2025-11-20 17:00:00,3136.0,2,B
2,2025-11-20 18:00:00,2944.0,2,B
2,2025-11-20 19:00:00,2133.0,1,A
2,2025-11-20 20:00:00,1668.0,1,A
2,2025-11-20 21:00:00,1257.0,1,A
2,2025-11-20 22:00:00,836.0,1,A
2,2025-11-20 23:00:00,533.0,1,A
2,2025-11-21 00:00:00,339.0,1,A
2,2025-11-21 01:00:00,251.0,1,A
2,2025-11-21 02:00:00,274.0,1,A
2,2025-11-21 03:00:00,274.0,1,A
2,2025-11-21 04:00:00,622.0,1,A
2,2025-11-21 05:00:00,912.0,1,A
2,2025-11-21 06:00:00,1917.0,1,A
2,2025-11-21 07:00:00,3418.0,3,C
2,2025-11-21 08:00:00,3348.0,2,B
2,2025-11-21 09:00:00,2959.0,2,B
2,2025-11-21 10:00:00,3147.0,2,B
2,2025-11-21 11:00:00,3432.0,2,B
2,2025-11-21 12:00:00,3702.0,3,C
2,2025-11-21 13:00:00,3575.0,2,B
2,2025-11-21 14:00:00,3787.0,3,C
2,2025-11-21 15:00:00,4295.0,3,C
2,2025-11-21 16:00:00,4221.0,3,C
2,2025-11-21 17:00:00,3772.0,2,B
2,2025-11-21 18:00:00,3165.0,2,B
2,2025-11-21 19:00:00,2302.0,1,A
2,2025-11-21 20:00:00,1769.0,1,A
2,2025-11-21 21:00:00,1489.0,1,A
2,2025-11-21 22:00:00,1037.0,1,A
2,2025-11-21 23:00:00,665.0,1,A
2,2025-11-22 00:00:00,364.0,1,A
2,2025-11-22 01:00:00,307.0,1,A
2,2025-11-22 02:00:00,212.0,1,A
2,2025-11-22 03:00:00,215.0,1,A
2,2025-11-22 04:00:00,401.0,1,A
2,2025-11-22 05:00:00,436.0,1,A
2,2025-11-22 06:00:00,772.0,1,A
2,2025-11-22 07:00:00,1307.0,1,A
2,2025-11-22 08:00:00,2033.0,1,A
2,2025-11-22 09:00:00,2701.0,2,B
2,2025-11-22 10:00:00,3051.0,2,B
2,2025-11-22 11:00:00,3368.0,2,B
2,2025-11-22 12:00:00,3366.0,2,B
2,2025-11-22 13:00:00,3228.0,2,B
2,2025-11-22 14:00:00,3005.0,2,B
2,2025-11-22 15:00:00,2858.0,2,B
2,2025-11-22 16:00:00,3035.0,2,B
2,2025-11-22 17:00:00,2763.0,2,B
2,2025-11-22 18:00:00,2268.0,1,A
2,2025-11-22 19:00:00,1851.0,1,A
2,2025-11-22 20:00:00,1635.0,1,A
2,2025-11-22 21:00:00,1265.0,1,A
2,2025-11-22 22:00:00,932.0,1,A
2,2025-11-22 23:00:00,606.0,1,A
3,2025-11-16 00:00:00,665.0,1,A
3,2025-11-16 01:00:00,394.0,1,A
3,2025-11-16 02:00:00,238.0,1,A
3,2025-11-16 03:00:00,163.0,1,A
3,2025-11-16 04:00:00,154.0,1,A
3,2025-11-16 05:00:00,264.0,1,A
3,2025-11-16 06:00:00,328.0,1,A
3,2025-11-16 07:00:00,578.0,1,A
3,2025-11-16 08:00:00,927.0,1,A
3,2025-11-16 09:00:00,1685.0,1,A
3,2025-11-16 10:00:00,2228.0,1,A
3,2025-11-16 11:00:00,2593.0,2,B
3,2025-11-16 12:00:00,2701.0,2,B
3,2025-11-16 13:00:00,2958.0,2,B
3,2025-11-16 14:00:00,2868.0,2,B
3,2025-11-16 15:00:00,2891.0,2,B
3,2025-11-16 16:00:00,2950.0,2,B
3,2025-11-16 17:00:00,2819.0,2,B
3,2025-11-16 18:00:00,3068.0,2,B
3,2025-11-16 19:00:00,2865.0,2,B
3,2025-11-16 20:00:00,2246.0,2,B
3,2025-11-16 21:00:00,1752.0,1,A
3,2025-11-16 22:00:00,1148.0,1,A
3,2025-11-16 23:00:00,715.0,1,A
3,2025-11-17 00:00:00,369.0,1,A
3,2025-11-17 01:00:00,161.0,1,A
3,2025-11-17 02:00:00,104.0,1,A
3,2025-11-17 03:00:00,92.0,1,A
3,2025-11-17 04:00:00,177.0,1,A
3,2025-11-17 05:00:00,442.0,1,A
3,2025-11-17 06:00:00,1060.0,1,A
3,2025-11-17 07:00:00,2283.0,2,B
3,2025-11-17 08:00:00,2948.0,2,B
3,2025-11-17 09:00:00,2631.0,2,B
3,2025-11-17 10:00:00,2539.0,2,B
3,2025-11-17 11:00:00,2648.0,2,B
3,2025-11-17 12:00:00,2517.0,2,B
3,2025-11-17 13:00:00,2599.0,2,B
3,2025-11-17 14:00:00,2590.0,2,B
3,2025-11-17 15:00:00,3017.0,2,B
3,2025-11-17 16:00:00,3114.0,2,B
3,2025-11-17 17:00:00,3098.0,2,B
3,2025-11-17 18:00:00,3547.0,2,B
3,2025-11-17 19:00:00,3509.0,2,B
3,2025-11-17 20:00:00,2551.0,2,B
3,2025-11-17 21:00:00,2023.0,1,A
3,2025-11-17 22:00:00,1260.0,1,A
3,2025-11-17 23:00:00,865.0,1,A
3,2025-11-18 00:00:00,333.0,1,A
3,2025-11-18 01:00:00,198.0,1,A
3,2025-11-18 02:00:00,177.0,1,A
3,2025-11-18 03:00:00,116.0,1,A
3,2025-11-18 04:00:00,188.0,1,A
3,2025-11-18 05:00:00,482.0,1,A
3,2025-11-18 06:00:00,1069.0,1,A
3,2025-11-18 07:00:00,2544.0,2,B
3,2025-11-18 08:00:00,2865.0,2,B
3,2025-11-18 09:00:00,2966.0,2,B
3,2025-11-18 10:00:00,2754.0,2,B
3,2025-11-18 11:00:00,2474.0,2,B
3,2025-11-18 12:00:00,2472.0,2,B
3,2025-11-18 13:00:00,2623.0,2,B
3,2025-11-18 14:00:00,2820.0,2,B
3,2025-11-18 15:00:00,3078.0,2,B
3,2025-11-18 16:00:00,3174.0,2,B
3,2025-11-18 17:00:00,3121.0,2,B
3,2025-11-18 18:00:00,3615.0,2,B
3,2025-11-18 19:00:00,3507.0,2,B
3,2025-11-18 20:00:00,2542.0,2,B
3,2025-11-18 21:00:00,2107.0,1,A
3,2025-11-18 22:00:00,1375.0,1,A
3,2025-11-18 23:00:00,865.0,1,A
3,2025-11-19 00:00:00,396.0,1,A
3,2025-11-19 01:00:00,206.0,1,A
3,2025-11-19 02:00:00,167.0,1,A
3,2025-11-19 03:00:00,128.0,1,A
3,2025-11-19 04:00:00,194.0,1,A
3,2025-11-19 05:00:00,453.0,1,A
3,2025-11-19 06:00:00,1043.0,1,A
3,2025-11-19 07:00:00,2514.0,2,B
3,2025-11-19 08:00:00,3025.0,2,B
3,2025-11-19 09:00:00,2777.0,2,B
3,2025-11-19 10:00:00,2432.0,2,B
3,2025-11-19 11:00:00,2455.0,2,B
3,2025-11-19 12:00:00,2479.0,2,B
3,2025-11-19 13:00:00,2590.0,2,B
3,2025-11-19 14:00:00,2575.0,2,B
3,2025-11-19 15:00:00,2832.0,2,B
3,2025-11-19 16:00:00,2941.0,2,B
3,2025-11-19 17:00:00,3074.0,2,B
3,2025-11-19 18:00:00,3555.0,2,B
3,2025-11-19 19:00:00,3460.0,2,B
3,2025-11-19 20:00:00,2779.0,2,B
3,2025-11-19 21:00:00,2430.0,2,B
3,2025-11-19 22:00:00,1521.0,1,A
3,2025-11-19 23:00:00,914.0,1,A
3,2025-11-20 00:00:00,386.0,1,A
3,2025-11-20 01:00:00,205.0,1,A
3,2025-11-20 02:00:00,169.0,1,A
3,2025-11-20 03:00:00,136.0,1,A
3,2025-11-20 04:00:00,191.0,1,A
3,2025-11-20 05:00:00,435.0,1,A
3,2025-11-20 06:00:00,1041.0,1,A
3,2025-11-20 07:00:00,2484.0,2,B
3,2025-11-20 08:00:00,3068.0,2,B
3,2025-11-20 09:00:00,2446.0,2,B
3,2025-11-20 10:00:00,2128.0,1,A
3,2025-11-20 11:00:00,2160.0,1,A
3,2025-11-20 12:00:00,2279.0,2,B
3,2025-11-20 13:00:00,2486.0,2,B
3,2025-11-20 14:00:00,2414.0,1,A
3,2025-11-20 15:00:00,2601.0,2,B
3,2025-11-20 16:00:00,2803.0,2,B
3,2025-11-20 17:00:00,2815.0,2,B
3,2025-11-20 18:00:00,3154.0,2,B
3,2025-11-20 19:00:00,3190.0,2,B
3,2025-11-20 20:00:00,2573.0,2,B
3,2025-11-20 21:00:00,2082.0,1,A
3,2025-11-20 22:00:00,1706.0,1,A
3,2025-11-20 23:00:00,1191.0,1,A
3,2025-11-21 00:00:00,540.0,1,A
3,2025-11-21 01:00:00,387.0,1,A
3,2025-11-21 02:00:00,193.0,1,A
3,2025-11-21 03:00:00,178.0,1,A
3,2025-11-21 04:00:00,224.0,1,A
3,2025-11-21 05:00:00,447.0,1,A
3,2025-11-21 06:00:00,1069.0,1,A
3,2025-11-21 07:00:00,2518.0,2,B
3,2025-11-21 08:00:00,3095.0,2,B
3,2025-11-21 09:00:00,2568.0,2,B
3,2025-11-21 10:00:00,2705.0,2,B
3,2025-11-21 11:00:00,2639.0,2,B
3,2025-11-21 12:00:00,2670.0,2,B
3,2025-11-21 13:00:00,2846.0,2,B
3,2025-11-21 14:00:00,2975.0,2,B
3,2025-11-21 15:00:00,3241.0,2,B
3,2025-11-21 16:00:00,3426.0,2,B
3,2025-11-21 17:00:00,3193.0,2,B
3,2025-11-21 18:00:00,3444.0,2,B
3,2025-11-21 19:00:00,3295.0,2,B
3,2025-11-21 20:00:00,2810.0,2,B
3,2025-11-21 21:00:00,2239.0,1,A
3,2025-11-21 22:00:00,1816.0,1,A
3,2025-11-21 23:00:00,1375.0,1,A
3,2025-11-22 00:00:00,687.0,1,A
3,2025-11-22 01:00:00,399.0,1,A
3,2025-11-22 02:00:00,300.0,1,A
3,2025-11-22 03:00:00,243.0,1,A
3,2025-11-22 04:00:00,201.0,1,A
3,2025-11-22 05:00:00,295.0,1,A
3,2025-11-22 06:00:00,480.0,1,A
3,2025-11-22 07:00:00,957.0,1,A
3,2025-11-22 08:00:00,1241.0,1,A
3,2025-11-22 09:00:00,1875.0,1,A
3,2025-11-22 10:00:00,2392.0,2,B
3,2025-11-22 11:00:00,2685.0,2,B
3,2025-11-22 12:00:00,2698.0,2,B
3,2025-11-22 13:00:00,2713.0,2,B
3,2025-11-22 14:00:00,2733.0,2,B
3,2025-11-22 15:00:00,2617.0,2,B
3,2025-11-22 16:00:00,2587.0,2,B
3,2025-11-22 17:00:00,2688.0,2,B
3,2025-11-22 18:00:00,3148.0,2,B
3,2025-11-22 19:00:00,2739.0,2,B
3,2025-11-22 20:00:00,2519.0,2,B
3,2025-11-22 21:00:00,1948.0,1,A
3,2025-11-22 22:00:00,1596.0,1,A
3,2025-11-22 23:00:00,1270.0,1,A
4,2025-11-16 00:00:00,690.0,1,A
4,2025-11-16 01:00:00,492.0,1,A
4,2025-11-16 02:00:00,294.0,1,A
4,2025-11-16 03:00:00,194.0,1,A
4,2025-11-16 04:00:00,186.0,1,A
4,2025-11-16 05:00:00,217.0,1,A
4,2025-11-16 06:00:00,319.0,1,A
4,2025-11-16 07:00:00,637.0,1,A
4,2025-11-16 08:00:00,1122.0,1,A
4,2025-11-16 09:00:00,1473.0,1,A
4,2025-11-16 10:00:00,2257.0,1,A
4,2025-11-16 11:00:00,2765.0,2,B
4,2025-11-16 12:00:00,3141.0,2,B
4,2025-11-16 13:00:00,3536.0,2,B
4,2025-11-16 14:00:00,3303.0,2,B
4,2025-11-16 15:00:00,3170.0,2,B
4,2025-11-16 16:00:00,3063.0,2,B
4,2025-11-16 17:00:00,3286.0,2,B
4,2025-11-16 18:00:00,2604.0,2,B
4,2025-11-16 19:00:00,2838.0,2,B
4,2025-11-16 20:00:00,2187.0,2,B
4,2025-11-16 21:00:00,1585.0,1,A
4,2025-11-16 22:00:00,1155.0,1,A
4,2025-11-16 23:00:00,701.0,1,A
4,2025-11-17 00:00:00,351.0,1,A
4,2025-11-17 01:00:00,238.0,1,A
4,2025-11-17 02:00:00,122.0,1,A
4,2025-11-17 03:00:00,120.0,1,A
4,2025-11-17 04:00:00,193.0,1,A
4,2025-11-17 05:00:00,425.0,1,A
4,2025-11-17 06:00:00,1220.0,1,A
4,2025-11-17 07:00:00,2327.0,2,B
4,2025-11-17 08:00:00,3730.0,3,C
4,2025-11-17 09:00:00,3396.0,2,B
4,2025-11-17 10:00:00,3009.0,2,B
4,2025-11-17 11:00:00,3008.0,2,B
4,2025-11-17 12:00:00,3180.0,2,B
4,2025-11-17 13:00:00,3308.0,2,B
4,2025-11-17 14:00:00,3227.0,2,B
4,2025-11-17 15:00:00,3512.0,2,B
4,2025-11-17 16:00:00,3747.0,3,C
4,2025-11-17 17:00:00,3822.0,3,C
4,2025-11-17 18:00:00,3056.0,2,B
4,2025-11-17 19:00:00,3168.0,2,B
4,2025-11-17 20:00:00,2249.0,1,A
4,2025-11-17 21:00:00,1804.0,1,A
4,2025-11-17 22:00:00,1105.0,1,A
4,2025-11-17 23:00:00,619.0,1,A
4,2025-11-18 00:00:00,341.0,1,A
4,2025-11-18 01:00:00,148.0,1,A
4,2025-11-18 02:00:00,134.0,1,A
4,2025-11-18 03:00:00,118.0,1,A
4,2025-11-18 04:00:00,173.0,1,A
4,2025-11-18 05:00:00,469.0,1,A
4,2025-11-18 06:00:00,1151.0,1,A
4,2025-11-18 07:00:00,2320.0,2,B
4,2025-11-18 08:00:00,3726.0,3,C
4,2025-11-18 09:00:00,3603.0,2,B
4,2025-11-18 10:00:00,2966.0,2,B
4,2025-11-18 11:00:00,2996.0,2,B
4,2025-11-18 12:00:00,3175.0,2,B
4,2025-11-18 13:00:00,3234.0,2,B
4,2025-11-18 14:00:00,3298.0,2,B
4,2025-11-18 15:00:00,3503.0,2,B
4,2025-11-18 16:00:00,3806.0,3,C
4,2025-11-18 17:00:00,3764.0,3,C
4,2025-11-18 18:00:00,3325.0,2,B
4,2025-11-18 19:00:00,3480.0,2,B
4,2025-11-18 20:00:00,2481.0,2,B
4,2025-11-18 21:00:00,1948.0,1,A
4,2025-11-18 22:00:00,1317.0,1,A
4,2025-11-18 23:00:00,808.0,1,A
4,2025-11-19 00:00:00,409.0,1,A
4,2025-11-19 01:00:00,237.0,1,A
4,2025-11-19 02:00:00,160.0,1,A
4,2025-11-19 03:00:00,117.0,1,A
4,2025-11-19 04:00:00,200.0,1,A
4,2025-11-19 05:00:00,467.0,1,A
4,2025-11-19 06:00:00,1116.0,1,A
4,2025-11-19 07:00:00,2437.0,2,B
4,2025-11-19 08:00:00,3847.0,3,C
4,2025-11-19 09:00:00,3476.0,2,B
4,2025-11-19 10:00:00,3124.0,2,B
4,2025-11-19 11:00:00,3079.0,2,B
4,2025-11-19 12:00:00,3272.0,2,B
4,2025-11-19 13:00:00,3296.0,2,B
4,2025-11-19 14:00:00,3250.0,2,B
4,2025-11-19 15:00:00,3470.0,2,B
4,2025-11-19 16:00:00,3695.0,3,C
4,2025-11-19 17:00:00,3999.0,3,C
4,2025-11-19 18:00:00,3363.0,2,B
4,2025-11-19 19:00:00,3411.0,2,B
4,2025-11-19 20:00:00,2563.0,2,B
4,2025-11-19 21:00:00,2281.0,1,A
4,2025-11-19 22:00:00,1419.0,1,A
4,2025-11-19 23:00:00,831.0,1,A
4,2025-11-20 00:00:00,394.0,1,A
4,2025-11-20 01:00:00,217.0,1,A
4,2025-11-20 02:00:00,182.0,1,A
4,2025-11-20 03:00:00,157.0,1,A
4,2025-11-20 04:00:00,174.0,1,A
4,2025-11-20 05:00:00,461.0,1,A
4,2025-11-20 06:00:00,994.0,1,A
4,2025-11-20 07:00:00,2223.0,2,B
4,2025-11-20 08:00:00,2802.0,2,B
4,2025-11-20 09:00:00,2727.0,2,B
4,2025-11-20 10:00:00,2881.0,2,B
4,2025-11-20 11:00:00,2770.0,2,B
4,2025-11-20 12:00:00,2985.0,2,B
4,2025-11-20 13:00:00,3078.0,2,B
4,2025-11-20 14:00:00,3026.0,2,B
4,2025-11-20 15:00:00,3286.0,2,B
4,2025-11-20 16:00:00,3539.0,2,B
4,2025-11-20 17:00:00,3213.0,2,B
4,2025-11-20 18:00:00,3313.0,2,B
4,2025-11-20 19:00:00,2783.0,2,B
4,2025-11-20 20:00:00,2349.0,2,B
4,2025-11-20 21:00:00,1766.0,1,A
4,2025-11-20 22:00:00,1313.0,1,A
4,2025-11-20 23:00:00,934.0,1,A
4,2025-11-21 00:00:00,394.0,1,A
4,2025-11-21 01:00:00,241.0,1,A
4,2025-11-21 02:00:00,212.0,1,A
4,2025-11-21 03:00:00,180.0,1,A
4,2025-11-21 04:00:00,261.0,1,A
4,2025-11-21 05:00:00,481.0,1,A
4,2025-11-21 06:00:00,1055.0,1,A
4,2025-11-21 07:00:00,2181.0,2,B
4,2025-11-21 08:00:00,3580.0,2,B
4,2025-11-21 09:00:00,3354.0,2,B
4,2025-11-21 10:00:00,3028.0,2,B
4,2025-11-21 11:00:00,2989.0,2,B
4,2025-11-21 12:00:00,3305.0,2,B
4,2025-11-21 13:00:00,3537.0,2,B
4,2025-11-21 14:00:00,3533.0,2,B
4,2025-11-21 15:00:00,3684.0,3,C
4,2025-11-21 16:00:00,3899.0,3,C
4,2025-11-21 17:00:00,4067.0,3,C
4,2025-11-21 18:00:00,3448.0,2,B
4,2025-11-21 19:00:00,3761.0,3,C
4,2025-11-21 20:00:00,2957.0,2,B
4,2025-11-21 21:00:00,2372.0,1,A
4,2025-11-21 22:00:00,1950.0,1,A
4,2025-11-21 23:00:00,1419.0,1,A
4,2025-11-22 00:00:00,867.0,1,A
4,2025-11-22 01:00:00,472.0,1,A
4,2025-11-22 02:00:00,373.0,1,A
4,2025-11-22 03:00:00,268.0,1,A
4,2025-11-22 04:00:00,193.0,1,A
4,2025-11-22 05:00:00,287.0,1,A
4,2025-11-22 06:00:00,462.0,1,A
4,2025-11-22 07:00:00,1039.0,1,A
4,2025-11-22 08:00:00,1420.0,1,A
4,2025-11-22 09:00:00,2063.0,1,A
4,2025-11-22 10:00:00,2770.0,2,B
4,2025-11-22 11:00:00,3216.0,2,B
4,2025-11-22 12:00:00,3429.0,2,B
4,2025-11-22 13:00:00,3396.0,2,B
4,2025-11-22 14:00:00,3312.0,2,B
4,2025-11-22 15:00:00,3154.0,2,B
4,2025-11-22 16:00:00,3159.0,2,B
4,2025-11-22 17:00:00,3019.0,2,B
4,2025-11-22 18:00:00,3102.0,2,B
4,2025-11-22 19:00:00,2822.0,2,B
4,2025-11-22 20:00:00,2359.0,2,B
4,2025-11-22 21:00:00,1893.0,1,A
4,2025-11-22 22:00:00,1512.0,1,A
4,2025-11-22 23:00:00,1111.0,1,A
5,2025-11-16 00:00:00,137.0,1,A
5,2025-11-16 01:00:00,56.0,1,A
5,2025-11-16 02:00:00,58.0,1,A
5,2025-11-16 03:00:00,46.0,1,A
5,2025-11-16 04:00:00,65.0,1,A
5,2025-11-16 05:00:00,87.0,1,A
5,2025-11-16 06:00:00,200.0,1,A
5,2025-11-16 07:00:00,537.0,1,A
5,2025-11-16 08:00:00,1088.0,1,A
5,2025-11-16 09:00:00,1298.0,1,A
5,2025-11-16 10:00:00,1804.0,1,A
5,2025-11-16 11:00:00,1867.0,1,A
5,2025-11-16 12:00:00,2125.0,1,A
5,2025-11-16 13:00:00,1886.0,1,A
5,2025-11-16 14:00:00,1707.0,1,A
5,2025-11-16 15:00:00,1649.0,1,A
5,2025-11-16 16:00:00,1736.0,1,A
5,2025-11-16 17:00:00,1356.0,1,A
5,2025-11-16 18:00:00,1162.0,1,A
5,2025-11-16 19:00:00,825.0,1,A
5,2025-11-16 20:00:00,546.0,1,A
5,2025-11-16 21:00:00,337.0,1,A
5,2025-11-16 22:00:00,197.0,1,A
5,2025-11-16 23:00:00,115.0,1,A
5,2025-11-17 00:00:00,39.0,1,A
5,2025-11-17 01:00:00,19.0,1,A
5,2025-11-17 02:00:00,28.0,1,A
5,2025-11-17 03:00:00,49.0,1,A
5,2025-11-17 04:00:00,136.0,1,A
5,2025-11-17 05:00:00,333.0,1,A
5,2025-11-17 06:00:00,1034.0,1,A
5,2025-11-17 07:00:00,2319.0,2,B
5,2025-11-17 08:00:00,2177.0,1,A
5,2025-11-17 09:00:00,1641.0,1,A
5,2025-11-17 10:00:00,1741.0,1,A
5,2025-11-17 11:00:00,1968.0,1,A
5,2025-11-17 12:00:00,2007.0,1,A
5,2025-11-17 13:00:00,2029.0,1,A
5,2025-11-17 14:00:00,2231.0,1,A
5,2025-11-17 15:00:00,2455.0,2,B
5,2025-11-17 16:00:00,2557.0,2,B
5,2025-11-17 17:00:00,2364.0,2,B
5,2025-11-17 18:00:00,1476.0,1,A
5,2025-11-17 19:00:00,1022.0,1,A
5,2025-11-17 20:00:00,744.0,1,A
5,2025-11-17 21:00:00,359.0,1,A
5,2025-11-17 22:00:00,230.0,1,A
5,2025-11-17 23:00:00,86.0,1,A
5,2025-11-18 00:00:00,51.0,1,A
5,2025-11-18 01:00:00,91.0,1,A
5,2025-11-18 02:00:00,108.0,1,A
5,2025-11-18 03:00:00,51.0,1,A
5,2025-11-18 04:00:00,172.0,1,A
5,2025-11-18 05:00:00,332.0,1,A
5,2025-11-18 06:00:00,1063.0,1,A
5,2025-11-18 07:00:00,2544.0,2,B
5,2025-11-18 08:00:00,2194.0,1,A
5,2025-11-18 09:00:00,1836.0,1,A
5,2025-11-18 10:00:00,1969.0,1,A
5,2025-11-18 11:00:00,2027.0,1,A
5,2025-11-18 12:00:00,2248.0,1,A
5,2025-11-18 13:00:00,2111.0,1,A
5,2025-11-18 14:00:00,2317.0,1,A
5,2025-11-18 15:00:00,2358.0,1,A
5,2025-11-18 16:00:00,2718.0,2,B
5,2025-11-18 17:00:00,2270.0,1,A
5,2025-11-18 18:00:00,1659.0,1,A
5,2025-11-18 19:00:00,1093.0,1,A
5,2025-11-18 20:00:00,901.0,1,A
5,2025-11-18 21:00:00,482.0,1,A
5,2025-11-18 22:00:00,222.0,1,A
5,2025-11-18 23:00:00,119.0,1,A
5,2025-11-19 00:00:00,52.0,1,A
5,2025-11-19 01:00:00,36.0,1,A
5,2025-11-19 02:00:00,30.0,1,A
5,2025-11-19 03:00:00,44.0,1,A
5,2025-11-19 04:00:00,129.0,1,A
5,2025-11-19 05:00:00,341.0,1,A
5,2025-11-19 06:00:00,1041.0,1,A
5,2025-11-19 07:00:00,2304.0,2,B
5,2025-11-19 08:00:00,2137.0,1,A
5,2025-11-19 09:00:00,1718.0,1,A
5,2025-11-19 10:00:00,1743.0,1,A
5,2025-11-19 11:00:00,2068.0,1,A
5,2025-11-19 12:00:00,2118.0,1,A
5,2025-11-19 13:00:00,2010.0,1,A
5,2025-11-19 14:00:00,2361.0,2,B
5,2025-11-19 15:00:00,2445.0,2,B
5,2025-11-19 16:00:00,2568.0,2,B
5,2025-11-19 17:00:00,2467.0,2,B
5,2025-11-19 18:00:00,1785.0,1,A
5,2025-11-19 19:00:00,1211.0,1,A
5,2025-11-19 20:00:00,986.0,1,A
5,2025-11-19 21:00:00,560.0,1,A
5,2025-11-19 22:00:00,246.0,1,A
5,2025-11-19 23:00:00,127.0,1,A
5,2025-11-20 00:00:00,43.0,1,A
5,2025-11-20 01:00:00,35.0,1,A
5,2025-11-20 02:00:00,31.0,1,A
5,2025-11-20 03:00:00,58.0,1,A
5,2025-11-20 04:00:00,148.0,1,A
5,2025-11-20 05:00:00,323.0,1,A
5,2025-11-20 06:00:00,1019.0,1,A
5,2025-11-20 07:00:00,1970.0,1,A
5,2025-11-20 08:00:00,1860.0,1,A
5,2025-11-20 09:00:00,1406.0,1,A
5,2025-11-20 10:00:00,1623.0,1,A
5,2025-11-20 11:00:00,1874.0,1,A
5,2025-11-20 12:00:00,1989.0,1,A
5,2025-11-20 13:00:00,1899.0,1,A
5,2025-11-20 14:00:00,2256.0,1,A
5,2025-11-20 15:00:00,2360.0,2,B
5,2025-11-20 16:00:00,2148.0,1,A
5,2025-11-20 17:00:00,2082.0,1,A
5,2025-11-20 18:00:00,1580.0,1,A
5,2025-11-20 19:00:00,1215.0,1,A
5,2025-11-20 20:00:00,905.0,1,A
5,2025-11-20 21:00:00,648.0,1,A
5,2025-11-20 22:00:00,593.0,1,A
5,2025-11-20 23:00:00,552.0,1,A
5,2025-11-21 00:00:00,178.0,1,A
5,2025-11-21 01:00:00,58.0,1,A
5,2025-11-21 02:00:00,24.0,1,A
5,2025-11-21 03:00:00,72.0,1,A
5,2025-11-21 04:00:00,193.0,1,A
5,2025-11-21 05:00:00,437.0,1,A
5,2025-11-21 06:00:00,985.0,1,A
5,2025-11-21 07:00:00,2321.0,1,A
5,2025-11-21 08:00:00,1882.0,1,A
5,2025-11-21 09:00:00,1775.0,1,A
5,2025-11-21 10:00:00,2115.0,1,A
5,2025-11-21 11:00:00,2274.0,1,A
5,2025-11-21 12:00:00,2307.0,1,A
5,2025-11-21 13:00:00,2309.0,1,A
5,2025-11-21 14:00:00,2503.0,2,B
5,2025-11-21 15:00:00,2585.0,2,B
5,2025-11-21 16:00:00,2702.0,2,B
5,2025-11-21 17:00:00,2210.0,1,A
5,2025-11-21 18:00:00,1664.0,1,A
5,2025-11-21 19:00:00,1209.0,1,A
5,2025-11-21 20:00:00,874.0,1,A
5,2025-11-21 21:00:00,616.0,1,A
5,2025-11-21 22:00:00,474.0,1,A
5,2025-11-21 23:00:00,211.0,1,A
5,2025-11-22 00:00:00,112.0,1,A
5,2025-11-22 01:00:00,88.0,1,A
5,2025-11-22 02:00:00,44.0,1,A
5,2025-11-22 03:00:00,44.0,1,A
5,2025-11-22 04:00:00,63.0,1,A
5,2025-11-22 05:00:00,122.0,1,A
5,2025-11-22 06:00:00,355.0,1,A
5,2025-11-22 07:00:00,644.0,1,A
5,2025-11-22 08:00:00,1141.0,1,A
5,2025-11-22 09:00:00,1517.0,1,A
5,2025-11-22 10:00:00,1751.0,1,A
5,2025-11-22 11:00:00,1911.0,1,A
5,2025-11-22 12:00:00,1927.0,1,A
5,2025-11-22 13:00:00,1787.0,1,A
5,2025-11-22 14:00:00,1707.0,1,A
5,2025-11-22 15:00:00,1626.0,1,A
5,2025-11-22 16:00:00,1667.0,1,A
5,2025-11-22 17:00:00,1613.0,1,A
5,2025-11-22 18:00:00,1507.0,1,A
5,2025-11-22 19:00:00,1052.0,1,A
5,2025-11-22 20:00:00,828.0,1,A
5,2025-11-22 21:00:00,583.0,1,A
5,2025-11-22 22:00:00,406.0,1,A
5,2025-11-22 23:00:00,197.0,1,A
